"Keyword","Trends","Impressions"
"web design classes","[21]","21"
"web design companies near me","[22]","22"
"website inspiration","[21,21,23,28]","93"
"html website builder","[22,29,25,20]","96"
"designer web","[19,23,24,21,20,21,20,21]","169"
"what is web designing","[20,22,21,17,27,24,25,29]","185"
"web design companies","[23,56,0,35,25,24,23,22]","208"
"web design templates","[48,36,28,0,24,37,22,24]","219"
"responsive webdesign","[20,24,23,26,21,21,39,35,32]","241"
"design web","[23,32,32,33,0,26,23,0,21,0,22,22,25]","259"
"tutsplus","[35,30,26,29,38,25,23,28,21,36]","291"
"web designers near me","[19,34,31,27,34,32,26,22,21,30,26]","302"
"freelance web designers","[37,20,28,25,35,25,29,28,25,33,33]","318"
"web design services","[22,36,22,33,31,28,26,40,34,24,28]","324"
"best web design","[33,23,0,23,26,26,30,20,21,38,36,29,30]","335"
"google creator","[39,20,24,23,26,40,30,34,33,23,22,28]","342"
"site design","[19,28,22,29,35,35,29,33,23,25,0,50,25]","353"
"web design course","[35,24,28,23,23,45,26,28,56,24,36,23]","371"
"web site design","[33,35,34,36,38,37,42,24,32,23,34,30,43]","441"
"website builders near me","[42,41,28,36,25,30,77,75,49,40]","443"
"google web page","[30,38,34,42,38,35,42,39,32,38,41,43,32]","484"
"websider","[29,51,33,42,51,38,44,32,34,43,38,39,42]","516"
"what is web design","[41,54,52,40,29,41,42,36,45,39,53,29,36]","537"
"web design agency","[30,36,60,38,32,30,56,50,42,108,32,25,33]","572"
"website design software","[59,54,37,43,46,44,52,59,50,42,77,42,40]","645"
"website designing","[37,48,40,36,31,43,47,61,57,75,66,77,42]","660"
"professional website design","[65,62,37,29,44,67,66,112,107,47,36]","672"
"website layout","[47,63,75,53,59,52,70,54,36,59,47,47,41]","703"
"webman","[76,51,59,74,53,57,36,62,71,49,43,55,42]","728"
"webpage design","[77,64,78,49,54,57,63,51,41,55,39,60,45]","733"
"web design and development","[29,20,71,40,41,47,74,56,49,50,66,138,81]","762"
"web designers","[66,59,71,71,39,47,87,70,64,57,53,68,58]","810"
"google design","[68,89,58,70,70,75,83,74,70,49,66,72,47]","891"
"design website","[86,83,74,79,66,65,91,80,98,73,73,65,73]","1006"
"web site designer","[132,139,95,53,53,45,49,62,81,77,71,90,75]","1022"
"website design services","[71,63,43,85,74,86,137,115,96,143,145,93,58]","1209"
"gwd","[95,91,79,85,83,85,88,85,95,95,70,83,218]","1252"
"website designers","[106,120,102,100,108,94,99,89,85,91,113,84,85]","1276"
"web design software","[112,108,89,122,89,90,93,99,89,105,131,124,110]","1361"
"web design company","[62,85,99,103,96,109,156,271,181,222,168,110,110]","1772"
"web page design","[182,213,136,91,120,117,136,134,125,142,135,129,143]","1803"
"webdesigner","[182,148,162,162,187,142,147,130,129,134,133,134,119]","1909"
"web designing","[208,180,184,195,160,185,210,176,217,225,205,211,191]","2547"
"google website builder","[177,177,169,181,196,271,245,209,191,223,177,194,199]","2609"
"design inspiration","[149,227,245,308,294,270,283,308,268,238,222,143,182]","3137"
"google web designer","[272,297,211,232,231,254,242,217,276,271,355,254,218]","3330"
"website designer","[262,294,233,267,284,297,366,314,305,314,294,189,205]","3624"
"web designer","[508,526,472,438,476,412,544,524,516,470,591,474,439]","6390"
"website design","[1057,1171,1125,1107,1075,1069,1305,1231,1295,1141,1081,1038,1030]","14725"
"web design","[2168,1978,1819,1891,1991,2010,4115,2457,2049,1938,2086,1805,1532]","27839"
